code,group_path,name,has_link
PRCG20_2600150001,総平均>飲食料品・食料用農水産物>飲食料品>酪農品,チーズ,True
PRCG20_2600150002,総平均>飲食料品・食料用農水産物>飲食料品>その他の畜産食料品,肉加工品,True
PRCG20_2600150003,総平均>飲食料品・食料用農水産物>飲食料品>水産びん・かん詰,水産びん・かん詰,True
PRCG20_2600150004,総平均>飲食料品・食料用農水産物>飲食料品>めん類,洋風めん,True
PRCG20_2600150005,総平均>飲食料品・食料用農水産物>飲食料品>菓子類,チョコレート,True
PRCG20_2600150006,総平均>飲食料品・食料用農水産物>飲食料品>農産保存食料品,果実・野菜缶詰,True
PRCG20_2600150007,総平均>飲食料品・食料用農水産物>飲食料品>砂糖,粗糖,True
PRCG20_2600150008,総平均>飲食料品・食料用農水産物>飲食料品>動植物油脂,植物油搾かす,True
PRCG20_2600150009,総平均>飲食料品・食料用農水産物>飲食料品>動植物油脂,オリーブ油・パーム油,False
PRCG20_2600150010,総平均>飲食料品・食料用農水産物>飲食料品>調味料,調味料,True
PRCG20_2600150011,総平均>飲食料品・食料用農水産物>飲食料品>冷凍調理食品,冷凍調理食品,False
PRCG20_2600150012,総平均>飲食料品・食料用農水産物>飲食料品>その他の食料品,こうじ・麦芽,True
PRCG20_2600150013,総平均>飲食料品・食料用農水産物>飲食料品>ウイスキー類,ウイスキー類,True
PRCG20_2600150014,総平均>飲食料品・食料用農水産物>飲食料品>その他の酒類,果実酒,True
PRCG20_2600150015,総平均>飲食料品・食料用農水産物>飲食料品>その他の酒類,焼ちゅう・混成酒,True
PRCG20_2600150016,総平均>飲食料品・食料用農水産物>飲食料品>茶・コーヒー,茶・コーヒー,True
PRCG20_2600150017,総平均>飲食料品・食料用農水産物>飲食料品>清涼飲料,ジュース・ミネラルウォーター,False
PRCG20_2600150018,総平均>飲食料品・食料用農水産物>飲食料品>飼料,ペットフード,True
PRCG20_2600150019,総平均>飲食料品・食料用農水産物>飲食料品>飼料,フィッシュミール,True
PRCG20_2600150020,総平均>飲食料品・食料用農水産物>飲食料品>たばこ,たばこ,True
PRCG20_2600150021,総平均>飲食料品・食料用農水産物>食料用農水産物>麦類,小麦,True
PRCG20_2600150022,総平均>飲食料品・食料用農水産物>食料用農水産物>麦類,大麦,True
PRCG20_2600150023,総平均>飲食料品・食料用農水産物>食料用農水産物>豆類・果実,大豆,True
PRCG20_2600150024,総平均>飲食料品・食料用農水産物>食料用農水産物>豆類・果実,乾燥果実・ナッツ類,True
PRCG20_2600150025,総平均>飲食料品・食料用農水産物>食料用農水産物>飲料用作物,コーヒー豆・カカオ豆,True
PRCG20_2600150026,総平均>飲食料品・食料用農水産物>食料用農水産物>その他の食用耕種作物,なたね,True
PRCG20_2600150027,総平均>飲食料品・食料用農水産物>食料用農水産物>飼料作物,飼料作物,False
PRCG20_2600150028,総平均>飲食料品・食料用農水産物>食料用農水産物>食肉,牛肉,True
PRCG20_2600150029,総平均>飲食料品・食料用農水産物>食料用農水産物>食肉,豚肉,True
PRCG20_2600150030,総平均>飲食料品・食料用農水産物>食料用農水産物>食肉,鶏肉,True
PRCG20_2600150031,総平均>飲食料品・食料用農水産物>食料用農水産物>食肉,牛臓器・舌,True
PRCG20_2600150032,総平均>飲食料品・食料用農水産物>食料用農水産物>精穀,精米,True
PRCG20_2600250001,総平均>繊維品>繊維製品>紡績糸,紡績糸,False
PRCG20_2600250002,総平均>繊維品>繊維製品>織物,織物,True
PRCG20_2600250003,総平均>繊維品>繊維製品>その他の繊維工業製品,フェルト生地・不織布,True
PRCG20_2600250004,総平均>繊維品>繊維製品>織物製・ニット製衣服,男子用外衣類,False
PRCG20_2600250005,総平均>繊維品>繊維製品>織物製・ニット製衣服,女子用外衣類,False
PRCG20_2600250006,総平均>繊維品>繊維製品>織物製・ニット製衣服,シャツ・セーター類,False
PRCG20_2600250007,総平均>繊維品>繊維製品>織物製・ニット製衣服,男子用下着,True
PRCG20_2600250008,総平均>繊維品>繊維製品>織物製・ニット製衣服,女子用下着類,True
PRCG20_2600250009,総平均>繊維品>繊維製品>織物製・ニット製衣服,パジャマ,True
PRCG20_2600250010,総平均>繊維品>繊維製品>その他の衣服・身の回り品,ネックウエア,True
PRCG20_2600250011,総平均>繊維品>繊維製品>その他の衣服・身の回り品,靴下,True
PRCG20_2600250012,総平均>繊維品>繊維製品>その他の衣服・身の回り品,手袋,True
PRCG20_2600250013,総平均>繊維品>繊維製品>その他の衣服・身の回り品,帽子,True
PRCG20_2600250014,総平均>繊維品>繊維製品>その他の繊維既製品,寝具,False
PRCG20_2600250015,総平均>繊維品>繊維製品>その他の繊維既製品,敷物,True
PRCG20_2600250016,総平均>繊維品>繊維製品>その他の繊維既製品,タオル,True
PRCG20_2600250017,総平均>繊維品>繊維製品>その他の繊維既製品,カーテン,True
PRCG20_2600350001,総平均>金属・同製品>鉄鋼>フェロアロイ,シリコマンガン,True
PRCG20_2600350002,総平均>金属・同製品>鉄鋼>フェロアロイ,フェロクロム,True
PRCG20_2600350003,総平均>金属・同製品>鉄鋼>フェロアロイ,フェロシリコン,True
PRCG20_2600350004,総平均>金属・同製品>鉄鋼>熱間圧延鋼材・冷間仕上鋼材,熱延広幅帯鋼,True
PRCG20_2600350005,総平均>金属・同製品>鉄鋼>熱間圧延鋼材・冷間仕上鋼材,冷延広幅帯鋼,True
PRCG20_2600350006,総平均>金属・同製品>鉄鋼>熱間圧延鋼材・冷間仕上鋼材,ステンレス鋼板,True
PRCG20_2600350007,総平均>金属・同製品>鉄鋼>めっき鋼材,めっき鋼板,True
PRCG20_2600350008,総平均>金属・同製品>非鉄金属>銅,銅,True
PRCG20_2600350009,総平均>金属・同製品>非鉄金属>アルミニウム,アルミニウム地金,True
PRCG20_2600350010,総平均>金属・同製品>非鉄金属>アルミニウム,アルミニウム合金・同二次合金地金,True
PRCG20_2600350011,総平均>金属・同製品>非鉄金属>その他の非鉄金属地金,金地金,True
PRCG20_2600350012,総平均>金属・同製品>非鉄金属>その他の非鉄金属地金,銀地金,True
PRCG20_2600350013,総平均>金属・同製品>非鉄金属>その他の非鉄金属地金,白金地金,True
PRCG20_2600350014,総平均>金属・同製品>非鉄金属>その他の非鉄金属地金,パラジウム,True
PRCG20_2600350015,総平均>金属・同製品>非鉄金属>その他の非鉄金属地金,コバルト地金,True
PRCG20_2600350016,総平均>金属・同製品>非鉄金属>その他の非鉄金属地金,すず地金,True
PRCG20_2600350017,総平均>金属・同製品>非鉄金属>その他の非鉄金属地金,ニッケル地金,True
PRCG20_2600350018,総平均>金属・同製品>非鉄金属>その他の非鉄金属地金,シリコン,True
PRCG20_2600350019,総平均>金属・同製品>非鉄金属>電線・ケーブル,電線・ケーブル,True
PRCG20_2600350020,総平均>金属・同製品>金属製品>ボルト・ナット・リベット・スプリング,ボルト・ナット,True
PRCG20_2600350021,総平均>金属・同製品>金属製品>配管工事附属品・粉末や金製品・道具類,刃物・道具類,True
PRCG20_2600350022,総平均>金属・同製品>金属製品>配管工事附属品・粉末や金製品・道具類,金属製管継手,True
PRCG20_2600350023,総平均>金属・同製品>金属製品>その他の金属製品,錠・かぎ・建築用金物,True
PRCG20_2600350024,総平均>金属・同製品>鉄鉱石・非鉄金属鉱物>鉄鉱石・非鉄金属鉱物,鉄鉱石,True
PRCG20_2600350025,総平均>金属・同製品>鉄鉱石・非鉄金属鉱物>鉄鉱石・非鉄金属鉱物,銅鉱,True
PRCG20_2600350026,総平均>金属・同製品>鉄鉱石・非鉄金属鉱物>鉄鉱石・非鉄金属鉱物,亜鉛鉱,True
PRCG20_2600350027,総平均>金属・同製品>鉄鉱石・非鉄金属鉱物>鉄鉱石・非鉄金属鉱物,モリブデン鉱,True
PRCG20_2600350028,総平均>金属・同製品>非鉄金属屑>非鉄金属屑,白金・銅屑,False
PRCG20_2600450001,総平均>木材・木製品・林産物>木材・木製品>製材,製材,True
PRCG20_2600450002,総平均>木材・木製品・林産物>木材・木製品>合板・集成材,合板,True
PRCG20_2600450003,総平均>木材・木製品・林産物>木材・木製品>合板・集成材,集成材,True
PRCG20_2600450004,総平均>木材・木製品・林産物>木材・木製品>木材チップ,木材チップ,True
PRCG20_2600450005,総平均>木材・木製品・林産物>木材・木製品>その他の木製品,繊維板,True
PRCG20_2600450006,総平均>木材・木製品・林産物>林産物>素材,丸太,True
PRCG20_2600550001,総平均>石油・石炭・天然ガス>石油・石炭製品>石油製品,ガソリン,True
PRCG20_2600550002,総平均>石油・石炭・天然ガス>石油・石炭製品>石油製品,ナフサ,True
PRCG20_2600550003,総平均>石油・石炭・天然ガス>石油・石炭製品>石油製品,ジェット燃料油,True
PRCG20_2600550004,総平均>石油・石炭・天然ガス>石油・石炭製品>石油製品,灯油,True
PRCG20_2600550005,総平均>石油・石炭・天然ガス>石油・石炭製品>石油製品,Ｂ重油・Ｃ重油,True
PRCG20_2600550006,総平均>石油・石炭・天然ガス>石油・石炭製品>石油製品,液化石油ガス,True
PRCG20_2600550007,総平均>石油・石炭・天然ガス>石油・石炭製品>石油製品,石油コークス,True
PRCG20_2600550008,総平均>石油・石炭・天然ガス>石炭・原油・天然ガス>石炭・原油・天然ガス,原料炭,True
PRCG20_2600550009,総平均>石油・石炭・天然ガス>石炭・原油・天然ガス>石炭・原油・天然ガス,一般炭,True
PRCG20_2600550010,総平均>石油・石炭・天然ガス>石炭・原油・天然ガス>石炭・原油・天然ガス,原油,True
PRCG20_2600550011,総平均>石油・石炭・天然ガス>石炭・原油・天然ガス>石炭・原油・天然ガス,液化天然ガス,True
PRCG20_2600650001,総平均>化学製品>化学製品>化学肥料,化学肥料,True
PRCG20_2600650002,総平均>化学製品>化学製品>無機顔料,無機顔料,False
PRCG20_2600650003,総平均>化学製品>化学製品>その他の無機化学工業製品,炭酸リチウム,True
PRCG20_2600650004,総平均>化学製品>化学製品>石油化学系芳香族製品,ベンゼン,True
PRCG20_2600650005,総平均>化学製品>化学製品>環式中間物・合成染料・有機顔料,合成染料,True
PRCG20_2600650006,総平均>化学製品>化学製品>合成ゴム,合成ゴム,True
PRCG20_2600650007,総平均>化学製品>化学製品>メタン誘導品,メタノール,True
PRCG20_2600650008,総平均>化学製品>化学製品>その他の有機化学工業製品,有機ゴム薬品,True
PRCG20_2600650009,総平均>化学製品>化学製品>その他の有機化学工業製品,合成酸味料,True
PRCG20_2600650010,総平均>化学製品>化学製品>その他の有機化学工業製品,バイオＥＴＢＥ,True
PRCG20_2600650011,総平均>化学製品>化学製品>熱可塑性樹脂,熱可塑性樹脂,True
PRCG20_2600650012,総平均>化学製品>化学製品>高機能性樹脂,高機能性樹脂,False
PRCG20_2600650013,総平均>化学製品>化学製品>化学繊維,化学繊維,True
PRCG20_2600650014,総平均>化学製品>化学製品>医薬品,医薬品（除動物用）,True
PRCG20_2600650015,総平均>化学製品>化学製品>化粧品・歯磨,香水・オーデコロン,True
PRCG20_2600650016,総平均>化学製品>化学製品>化粧品・歯磨,仕上用・皮膚用化粧品,True
PRCG20_2600650017,総平均>化学製品>化学製品>化粧品・歯磨,頭髪用化粧品,True
PRCG20_2600650018,総平均>化学製品>化学製品>農薬,農薬,True
PRCG20_2600650019,総平均>化学製品>化学製品>その他の化学最終製品,香料,True
PRCG20_2600650020,総平均>化学製品>化学製品>その他の化学最終製品,石油添加剤,True
PRCG20_2600750001,総平均>はん用・生産用・業務用機器>はん用機器>原動機,はん用内燃機関,True
PRCG20_2600750002,総平均>はん用・生産用・業務用機器>はん用機器>ポンプ・圧縮機,ポンプ,True
PRCG20_2600750003,総平均>はん用・生産用・業務用機器>はん用機器>ポンプ・圧縮機,圧縮機,False
PRCG20_2600750004,総平均>はん用・生産用・業務用機器>はん用機器>ベアリング,ベアリング,True
PRCG20_2600750005,総平均>はん用・生産用・業務用機器>はん用機器>その他のはん用機械,バルブ,True
PRCG20_2600750006,総平均>はん用・生産用・業務用機器>生産用機器>農業用機械,農業用機械,True
PRCG20_2600750007,総平均>はん用・生産用・業務用機器>生産用機器>鋳造装置・プラスチック加工機械,プラスチック加工機械,True
PRCG20_2600750008,総平均>はん用・生産用・業務用機器>生産用機器>金属工作機械,金属工作機械,True
PRCG20_2600750009,総平均>はん用・生産用・業務用機器>生産用機器>機械工具,機械工具,True
PRCG20_2600750010,総平均>はん用・生産用・業務用機器>業務用機器>複写機,複写機,True
PRCG20_2600750011,総平均>はん用・生産用・業務用機器>業務用機器>計測機器,分析機器,True
PRCG20_2600750012,総平均>はん用・生産用・業務用機器>業務用機器>医療用機械器具,医療用機器,True
PRCG20_2600750013,総平均>はん用・生産用・業務用機器>業務用機器>医療用機械器具,医療用品,True
PRCG20_2600850001,総平均>電気・電子機器>電子部品・デバイス>半導体素子,光電変換素子,True
PRCG20_2600850002,総平均>電気・電子機器>電子部品・デバイス>半導体素子,半導体素子（除光電変換素子）,True
PRCG20_2600850003,総平均>電気・電子機器>電子部品・デバイス>集積回路,線形回路,True
PRCG20_2600850004,総平均>電気・電子機器>電子部品・デバイス>集積回路,モス型ロジック集積回路,True
PRCG20_2600850005,総平均>電気・電子機器>電子部品・デバイス>集積回路,モス型メモリ集積回路,True
PRCG20_2600850006,総平均>電気・電子機器>電子部品・デバイス>集積回路,混成集積回路,True
PRCG20_2600850007,総平均>電気・電子機器>電子部品・デバイス>液晶パネル,液晶パネル,True
PRCG20_2600850008,総平均>電気・電子機器>電子部品・デバイス>記録メディア,記録メディア,True
PRCG20_2600850009,総平均>電気・電子機器>電子部品・デバイス>電子回路,プリント配線板,True
PRCG20_2600850010,総平均>電気・電子機器>電子部品・デバイス>その他の電子部品,電子機器用コンデンサ,True
PRCG20_2600850011,総平均>電気・電子機器>電子部品・デバイス>その他の電子部品,電子機器用変成器,True
PRCG20_2600850012,総平均>電気・電子機器>電子部品・デバイス>その他の電子部品,変換部品,True
PRCG20_2600850013,総平均>電気・電子機器>電子部品・デバイス>その他の電子部品,接続部品,True
PRCG20_2600850014,総平均>電気・電子機器>電子部品・デバイス>その他の電子部品,ユニット部品,True
PRCG20_2600850015,総平均>電気・電子機器>電子部品・デバイス>その他の電子部品,シリコンウエハ,True
PRCG20_2600850016,総平均>電気・電子機器>電子部品・デバイス>その他の電子部品,ＬＥＤランプ,True
PRCG20_2600850017,総平均>電気・電子機器>電気機器>配線器具,配線器具,True
PRCG20_2600850018,総平均>電気・電子機器>電気機器>内燃機関電装品,ワイヤーハーネス,True
PRCG20_2600850019,総平均>電気・電子機器>電気機器>その他の産業用電気機器,電力変換装置,True
PRCG20_2600850020,総平均>電気・電子機器>電気機器>民生用エアコンディショナ,民生用エアコンディショナ,True
PRCG20_2600850021,総平均>電気・電子機器>電気機器>民生用電気機器（除民生用エアコンディショナ）,電子レンジ,True
PRCG20_2600850022,総平均>電気・電子機器>電気機器>民生用電気機器（除民生用エアコンディショナ）,電気冷蔵庫,True
PRCG20_2600850023,総平均>電気・電子機器>電気機器>民生用電気機器（除民生用エアコンディショナ）,空気清浄機,True
PRCG20_2600850024,総平均>電気・電子機器>電気機器>民生用電気機器（除民生用エアコンディショナ）,電気洗濯機,True
PRCG20_2600850025,総平均>電気・電子機器>電気機器>民生用電気機器（除民生用エアコンディショナ）,電気掃除機,True
PRCG20_2600850026,総平均>電気・電子機器>電気機器>民生用電気機器（除民生用エアコンディショナ）,理容用電気器具,True
PRCG20_2600850027,総平均>電気・電子機器>電気機器>電子応用装置,Ｘ線装置,True
PRCG20_2600850028,総平均>電気・電子機器>電気機器>電子応用装置,医療用電子応用装置,True
PRCG20_2600850029,総平均>電気・電子機器>電気機器>電気計測器,電気計測機器,True
PRCG20_2600850030,総平均>電気・電子機器>電気機器>電気計測器,工業計器,True
PRCG20_2600850031,総平均>電気・電子機器>電気機器>電気計測器,医療用計測器,True
PRCG20_2600850032,総平均>電気・電子機器>電気機器>電気照明器具,電気照明器具,False
PRCG20_2600850033,総平均>電気・電子機器>電気機器>電池,蓄電池,True
PRCG20_2600850034,総平均>電気・電子機器>電気機器>その他の電気機械器具,太陽電池,True
PRCG20_2600850035,総平均>電気・電子機器>情報通信機器>有線電気通信機器,搬送装置,True
PRCG20_2600850036,総平均>電気・電子機器>情報通信機器>携帯電話機,携帯電話機,True
PRCG20_2600850037,総平均>電気・電子機器>情報通信機器>無線電気通信機器,無線応用装置,True
PRCG20_2600850038,総平均>電気・電子機器>情報通信機器>ラジオ・テレビ受信機,テレビ,True
PRCG20_2600850039,総平均>電気・電子機器>情報通信機器>ビデオ機器・デジタルカメラ,録画・再生装置,True
PRCG20_2600850040,総平均>電気・電子機器>情報通信機器>ビデオ機器・デジタルカメラ,デジタルカメラ・ビデオカメラ,True
PRCG20_2600850041,総平均>電気・電子機器>情報通信機器>電気音響機器,カーオーディオ,True
PRCG20_2600850042,総平均>電気・電子機器>情報通信機器>電気音響機器,オーディオ,True
PRCG20_2600850043,総平均>電気・電子機器>情報通信機器>パーソナルコンピュータ,パーソナルコンピュータ,True
PRCG20_2600850044,総平均>電気・電子機器>情報通信機器>電子計算機附属装置,外部記憶装置,True
PRCG20_2600850045,総平均>電気・電子機器>情報通信機器>電子計算機附属装置,印刷装置,True
PRCG20_2600850046,総平均>電気・電子機器>情報通信機器>電子計算機附属装置,表示装置・端末装置,False
PRCG20_2600950001,総平均>輸送用機器>輸送用機器>乗用車,乗用車,True
PRCG20_2600950002,総平均>輸送用機器>輸送用機器>二輪自動車,二輪自動車,True
PRCG20_2600950003,総平均>輸送用機器>輸送用機器>自動車用内燃機関,自動車用内燃機関,True
PRCG20_2600950004,総平均>輸送用機器>輸送用機器>自動車部品,自動車部品,True
PRCG20_2600950005,総平均>輸送用機器>輸送用機器>航空機,航空機用原動機・同部品,True
PRCG20_2600950006,総平均>輸送用機器>輸送用機器>航空機,航空機部品（除原動機）,True
PRCG20_2600950007,総平均>輸送用機器>輸送用機器>自転車,自転車（除車いす・自転車部品）,True
PRCG20_2601050001,総平均>その他産品・製品>パルプ・紙・同製品>パルプ,製紙さらしクラフトパルプ,True
PRCG20_2601050002,総平均>その他産品・製品>パルプ・紙・同製品>洋紙・和紙,塗工印刷用紙,True
PRCG20_2601050003,総平均>その他産品・製品>パルプ・紙・同製品>塗工紙・建設用加工紙,ミルクカートン用紙,True
PRCG20_2601050004,総平均>その他産品・製品>パルプ・紙・同製品>その他の紙製容器,紙袋・紙器,True
PRCG20_2601050005,総平均>その他産品・製品>プラスチック製品>プラスチック製品,プラスチックフィルム・シート,True
PRCG20_2601050006,総平均>その他産品・製品>プラスチック製品>プラスチック製品,プラスチック製日用品,True
PRCG20_2601050007,総平均>その他産品・製品>プラスチック製品>プラスチック製品,医療・衛生用プラスチック製品,False
PRCG20_2601050008,総平均>その他産品・製品>窯業・土石製品>ガラス繊維・同製品,ガラス繊維・同製品,True
PRCG20_2601050009,総平均>その他産品・製品>窯業・土石製品>その他のガラス製品,ガラス容器・器具,True
PRCG20_2601050010,総平均>その他産品・製品>窯業・土石製品>陶磁器,陶磁器製食器,True
PRCG20_2601050011,総平均>その他産品・製品>窯業・土石製品>その他の窯業・土石製品,石工品,True
PRCG20_2601050012,総平均>その他産品・製品>その他工業製品>木製家具,木製家具,True
PRCG20_2601050013,総平均>その他産品・製品>その他工業製品>金属製家具,金属製家具,True
PRCG20_2601050014,総平均>その他産品・製品>その他工業製品>タイヤ・チューブ,自動車タイヤ,True
PRCG20_2601050015,総平均>その他産品・製品>その他工業製品>その他のゴム製品,ゴム製履物,True
PRCG20_2601050016,総平均>その他産品・製品>その他工業製品>その他のゴム製品,プラスチック製履物,True
PRCG20_2601050017,総平均>その他産品・製品>その他工業製品>その他のゴム製品,医療・衛生用ゴム製品,False
PRCG20_2601050018,総平均>その他産品・製品>その他工業製品>革製履物,革製履物,True
PRCG20_2601050019,総平均>その他産品・製品>その他工業製品>なめし革・革製品・毛皮,かばん・袋物,False
PRCG20_2601050020,総平均>その他産品・製品>その他工業製品>がん具,がん具,True
PRCG20_2601050021,総平均>その他産品・製品>その他工業製品>運動用品,運動用品,True
PRCG20_2601050022,総平均>その他産品・製品>その他工業製品>時計,時計,True
PRCG20_2601050023,総平均>その他産品・製品>その他工業製品>楽器,楽器,True
PRCG20_2601050024,総平均>その他産品・製品>その他工業製品>筆記具・文具,筆記具・文具,True
PRCG20_2601050025,総平均>その他産品・製品>その他工業製品>その他の製造工業製品,洋傘,True
PRCG20_2601050026,総平均>その他産品・製品>その他工業製品>その他の製造工業製品,眼鏡枠・レンズ,True
PRCG20_2601050027,総平均>その他産品・製品>その他工業製品>その他の製造工業製品,人体安全保護具・救命具,True
PRCG20_2601050028,総平均>その他産品・製品>非食料用農水産物>その他の非食用耕種作物,天然ゴム,True
PRCG20_2601050029,総平均>その他産品・製品>非食料用農水産物>海面養殖業,真珠,True
PRCG20_2601050030,総平均>その他産品・製品>原塩>原塩,原塩,True
